{
  "project_info": {
    "project_number": "901647577074",
    "project_id": "voting-system-b30a9",
    "storage_bucket": "voting-system-b30a9.appspot.com"
  },
  "client": [
    {
      "client_info": {
        "mobilesdk_app_id": "1:901647577074:android:886467e7873bbd8e3d456b",
        "android_client_info": {
          "package_name": "com.example.flutter_vs"
        }
      },
      "oauth_client": [],
      "api_key": [
        {
          "current_key": "AIzaSyDGqlp4afDMMOEGKmt8u8OQu_h4v-WDb6o"
        }
      ],
      "services": {
        "appinvite_service": {
          "other_platform_oauth_client": []
        }
      }
    }
  ],
  "configuration_version": "1"
}